{
  "learning_rate": 0.00028123424026185934,
  "n_steps": 1024,
  "batch_size": 128,
  "n_epochs": 6,
  "gamma": 0.9190112254549849,
  "ent_coef": 0.014326702871061326,
  "gae_lambda": 0.8078799923263201,
  "clip_range": 0.284878971259148
}